{"cameraMode":{"drawMode":0,"name":"Shaded","section":"Shading Mode"},"sceneLighting":false,"audioPlay":false,"sceneViewState":{"m_AlwaysRefresh":false,"showFog":true,"showSkybox":false,"showFlares":true,"showImageEffects":true,"showParticleSystems":true,"showVisualEffectGraphs":true,"m_FxEnabled":true},"in2DMode":false,"pivot":{"x":-0.008661508560180664,"y":1.4014217853546143,"z":-0.018482446670532228},"rotation":{"x":0.1264631301164627,"y":0.7963516712188721,"z":-0.17780889570713044,"w":0.5646055340766907},"size":3.7792837619781496,"orthographic":false}