{"cameraMode":{"drawMode":0,"name":"Shaded","section":"Shading Mode"},"sceneLighting":false,"audioPlay":false,"sceneViewState":{"m_AlwaysRefresh":false,"showFog":false,"showSkybox":false,"showFlares":false,"showImageEffects":false,"showParticleSystems":false,"showVisualEffectGraphs":true,"m_FxEnabled":true},"in2DMode":false,"pivot":{"x":0.036725640296936038,"y":1.5229500532150269,"z":0.24012517929077149},"rotation":{"x":0.01884680800139904,"y":0.96634840965271,"z":-0.07500635087490082,"w":0.2460823357105255},"size":0.45493173599243166,"orthographic":false}