{"cameraMode":{"drawMode":0,"name":"Shaded","section":"Shading Mode"},"sceneLighting":false,"audioPlay":false,"sceneViewState":{"m_AlwaysRefresh":false,"showFog":true,"showSkybox":false,"showFlares":true,"showImageEffects":true,"showParticleSystems":true,"showVisualEffectGraphs":true,"m_FxEnabled":true},"in2DMode":false,"pivot":{"x":0.3439270853996277,"y":1.8525269031524659,"z":5.1136674880981449},"rotation":{"x":0.6301282644271851,"y":0.22510568797588349,"z":-0.19803500175476075,"w":0.7162785530090332},"size":1.6898893117904664,"orthographic":true}