{"cameraMode":{"drawMode":0,"name":"Shaded","section":"Shading Mode"},"sceneLighting":false,"audioPlay":false,"sceneViewState":{"m_AlwaysRefresh":false,"showFog":true,"showSkybox":false,"showFlares":true,"showImageEffects":true,"showParticleSystems":true,"showVisualEffectGraphs":true,"m_FxEnabled":true},"in2DMode":false,"pivot":{"x":0.39408978819847109,"y":0.20701241493225099,"z":-0.3996577262878418},"rotation":{"x":0.05271134153008461,"y":0.3531569540500641,"z":-0.02001808024942875,"w":0.9341243505477905},"size":1.337585687637329,"orthographic":false}