{"cameraMode":{"drawMode":0,"name":"Shaded","section":"Shading Mode"},"sceneLighting":false,"audioPlay":false,"sceneViewState":{"m_AlwaysRefresh":false,"showFog":true,"showSkybox":false,"showFlares":true,"showImageEffects":true,"showParticleSystems":true,"showVisualEffectGraphs":true,"m_FxEnabled":true},"in2DMode":false,"pivot":{"x":0.1575087308883667,"y":1.1611065864562989,"z":0.39206811785697939},"rotation":{"x":-0.0002497550449334085,"y":-0.9988651275634766,"z":0.050401050597429278,"w":-0.019037017598748208},"size":1.7130677700042725,"orthographic":false}