{"cameraMode":{"drawMode":0,"name":"Shaded","section":"Shading Mode"},"sceneLighting":false,"audioPlay":false,"sceneViewState":{"m_AlwaysRefresh":false,"showFog":true,"showSkybox":false,"showFlares":true,"showImageEffects":true,"showParticleSystems":true,"showVisualEffectGraphs":true,"m_FxEnabled":true},"in2DMode":false,"pivot":{"x":3.4200000762939455,"y":7.930727958679199,"z":-9.734482765197754},"rotation":{"x":-0.0025552944280207159,"y":0.7326357960700989,"z":0.002539943205192685,"w":0.6809465885162354},"size":11.21980094909668,"orthographic":false}