{"cameraMode":{"drawMode":0,"name":"Shaded","section":"Shading Mode"},"sceneLighting":false,"audioPlay":false,"sceneViewState":{"m_AlwaysRefresh":false,"showFog":true,"showSkybox":false,"showFlares":true,"showImageEffects":true,"showParticleSystems":true,"showVisualEffectGraphs":true,"m_FxEnabled":true},"in2DMode":false,"pivot":{"x":-0.18033051490783692,"y":0.9976294040679932,"z":-0.06470781564712525},"rotation":{"x":0.024951638653874399,"y":0.5992451906204224,"z":0.020238924771547319,"w":-0.8003561496734619},"size":1.4951627254486085,"orthographic":false}