{"cameraMode":{"drawMode":0,"name":"Shaded","section":"Shading Mode"},"sceneLighting":false,"audioPlay":false,"sceneViewState":{"m_AlwaysRefresh":false,"showFog":false,"showSkybox":false,"showFlares":false,"showImageEffects":false,"showParticleSystems":false,"showVisualEffectGraphs":true,"m_FxEnabled":true},"in2DMode":false,"pivot":{"x":0.15020176768302918,"y":1.1301512718200684,"z":0.16497555375099183},"rotation":{"x":0.26893141865730288,"y":0.033140454441308978,"z":-0.00945042259991169,"w":0.9627443552017212},"size":1.1613059043884278,"orthographic":false}